name,area,perimeter,circularity
Cell 1,100.5,40.2,0.7814907098482071
Cell 2,120.3,45.1,0.7432285902760597
Cell 3,95.7,38.9,0.7947354747815393
